condition,n,mean_wer,mean_cer,mean_rtf,mean_proc_s
offline,150,0.13192243370050163,0.08105705936324324,0.04549133333333333,0.21186266666666667
stream_1280ms,150,0.3642821910224053,0.2113206902154025,0.1688366666666667,1.0434586666666668
stream_320ms,150,0.7052650517806285,0.4505348717088043,0.6567846666666667,4.010783333333333
stream_640ms,150,0.4767519758947545,0.2908975533679303,0.31206466666666666,1.9202233333333334
