{
  "dataset": "l2arctic_24spk_w2v2",
  "n_test": 792,
  "test_wer_baseline": 0.07049387927395526,
  "test_wer_oracle": 0.0524834670043619,
  "headroom_abs": 0.018010412269593358,
  "ladder": [
    {
      "label": "4-gram (weak)",
      "spec": "models/lm/l2arctic_4gram.pkl",
      "ppl_word": 1017.0839021828348,
      "best_lambda": 1.0,
      "test_wer_baseline": 0.07049387927395526,
      "test_wer_adapted": 0.06810187139439988,
      "delta_rel_pct": -3.3932135728543007,
      "frac_headroom_captured": 0.13281250000000036,
      "dev_wer_by_lambda": {
        "0.0": 0.06880609192276312,
        "0.05": 0.06826217024748436,
        "0.1": 0.06826217024748436,
        "0.2": 0.06799020940984499,
        "0.3": 0.06799020940984499,
        "0.5": 0.0677182485722056,
        "0.7": 0.06690236605928747,
        "1.0": 0.06663040522164808
      }
    },
    {
      "label": "distilGPT-2 (82M)",
      "spec": "neural:distilgpt2",
      "ppl_word": 134.18001251307086,
      "best_lambda": 1.0,
      "test_wer_baseline": 0.07049387927395526,
      "test_wer_adapted": 0.0671169269734065,
      "delta_rel_pct": -4.790419161676647,
      "frac_headroom_captured": 0.18750000000000003,
      "dev_wer_by_lambda": {
        "0.0": 0.06880609192276312,
        "0.05": 0.06853413108512374,
        "0.1": 0.06853413108512374,
        "0.2": 0.0677182485722056,
        "0.3": 0.06744628773456622,
        "0.5": 0.06608648354636933,
        "0.7": 0.06499864019581181,
        "1.0": 0.06336687516997552
      }
    },
    {
      "label": "GPT-2 (124M)",
      "spec": "neural:gpt2",
      "ppl_word": 67.36020079815731,
      "best_lambda": 1.0,
      "test_wer_baseline": 0.07049387927395526,
      "test_wer_adapted": 0.0669762206275503,
      "delta_rel_pct": -4.990019960079836,
      "frac_headroom_captured": 0.19531249999999986,
      "dev_wer_by_lambda": {
        "0.0": 0.06880609192276312,
        "0.05": 0.06853413108512374,
        "0.1": 0.06826217024748436,
        "0.2": 0.06744628773456622,
        "0.3": 0.06717432689692684,
        "0.5": 0.06554256187109056,
        "0.7": 0.06499864019581181,
        "1.0": 0.0636388360076149
      }
    },
    {
      "label": "GPT-2-medium (355M)",
      "spec": "neural:gpt2-medium",
      "ppl_word": 54.18530849548307,
      "best_lambda": 1.0,
      "test_wer_baseline": 0.07049387927395526,
      "test_wer_adapted": 0.06613198255241311,
      "delta_rel_pct": -6.187624750499013,
      "frac_headroom_captured": 0.24218750000000044,
      "dev_wer_by_lambda": {
        "0.0": 0.06880609192276312,
        "0.05": 0.06853413108512374,
        "0.1": 0.06853413108512374,
        "0.2": 0.06744628773456622,
        "0.3": 0.06663040522164808,
        "0.5": 0.06554256187109056,
        "0.7": 0.06499864019581181,
        "1.0": 0.06445471852053304
      }
    },
    {
      "label": "GPT-2-large (774M)",
      "spec": "neural:gpt2-large",
      "ppl_word": 49.35642091668552,
      "best_lambda": 1.0,
      "test_wer_baseline": 0.07049387927395526,
      "test_wer_adapted": 0.0669762206275503,
      "delta_rel_pct": -4.990019960079836,
      "frac_headroom_captured": 0.19531249999999986,
      "dev_wer_by_lambda": {
        "0.0": 0.06880609192276312,
        "0.05": 0.06853413108512374,
        "0.1": 0.06853413108512374,
        "0.2": 0.06690236605928747,
        "0.3": 0.06663040522164808,
        "0.5": 0.06581452270872994,
        "0.7": 0.06445471852053304,
        "1.0": 0.06309491433233615
      }
    }
  ]
}