condition,n,mean_wer,mean_cer,mean_rtf,mean_proc_s
offline,300,0.10080823805823806,0.05333441336028098,0.05874566666666667,0.18556399999999998
stream_1280ms,300,0.1978082103082103,0.1211703145094502,0.16923933333333332,0.5915463333333333
stream_320ms,300,0.478979575979576,0.3086539153287668,0.581965,2.0722053333333332
stream_640ms,300,0.3053096533096533,0.1961586590796569,0.314238,1.1104306666666668
