{
  "dataset": "l2arctic_24spk",
  "n_test": 792,
  "test_wer_baseline": 0.08414239482200647,
  "test_wer_oracle": 0.042071197411003236,
  "headroom_abs": 0.042071197411003236,
  "ladder": [
    {
      "label": "4-gram (weak)",
      "spec": "models/lm/l2arctic_4gram.pkl",
      "ppl_word": 1017.0839021828348,
      "best_lambda": 0.3,
      "test_wer_baseline": 0.08414239482200647,
      "test_wer_adapted": 0.08484592655128746,
      "delta_rel_pct": 0.8361204013377921,
      "frac_headroom_captured": -0.01672240802675584,
      "dev_wer_by_lambda": {
        "0.0": 0.08240413380473212,
        "0.05": 0.07614903453902638,
        "0.1": 0.07506119118846886,
        "0.2": 0.07424530867555072,
        "0.3": 0.07288550448735383,
        "0.5": 0.07914060375305956,
        "0.7": 0.08376393799292901,
        "1.0": 0.09083491977155289
      }
    },
    {
      "label": "distilGPT-2 (82M)",
      "spec": "neural:distilgpt2",
      "ppl_word": 134.18001251307086,
      "best_lambda": 0.2,
      "test_wer_baseline": 0.08414239482200647,
      "test_wer_adapted": 0.08132826790488251,
      "delta_rel_pct": -3.3444816053511683,
      "frac_headroom_captured": 0.06688963210702337,
      "dev_wer_by_lambda": {
        "0.0": 0.08240413380473212,
        "0.05": 0.07506119118846886,
        "0.1": 0.07397334783791135,
        "0.2": 0.06880609192276312,
        "0.3": 0.07261354364971444,
        "0.5": 0.07342942616263258,
        "0.7": 0.07533315202610824,
        "1.0": 0.0772368778895839
      }
    },
    {
      "label": "GPT-2 (124M)",
      "spec": "neural:gpt2",
      "ppl_word": 67.36020079815731,
      "best_lambda": 0.2,
      "test_wer_baseline": 0.08414239482200647,
      "test_wer_adapted": 0.07738849022090896,
      "delta_rel_pct": -8.02675585284281,
      "frac_headroom_captured": 0.1605351170568562,
      "dev_wer_by_lambda": {
        "0.0": 0.08240413380473212,
        "0.05": 0.07342942616263258,
        "0.1": 0.06989393527332065,
        "0.2": 0.0663584443840087,
        "0.3": 0.06690236605928747,
        "0.5": 0.06717432689692684,
        "0.7": 0.06880609192276312,
        "1.0": 0.0690780527604025
      },
      "_note": "aligned to the Sec 5.3 significance-tested fp32 run (canonical -8.0%)"
    },
    {
      "label": "GPT-2-medium (355M)",
      "spec": "neural:gpt2-medium",
      "ppl_word": 54.18530849548307,
      "best_lambda": 0.3,
      "test_wer_baseline": 0.08414239482200647,
      "test_wer_adapted": 0.0741522442662164,
      "delta_rel_pct": -11.87290969899666,
      "frac_headroom_captured": 0.2374581939799332,
      "dev_wer_by_lambda": {
        "0.0": 0.08240413380473212,
        "0.05": 0.07098177862387817,
        "0.1": 0.06935001359804188,
        "0.2": 0.06527060103345118,
        "0.3": 0.06445471852053304,
        "0.5": 0.06445471852053304,
        "0.7": 0.06744628773456622,
        "1.0": 0.06962197443568126
      }
    },
    {
      "label": "GPT-2-large (774M)",
      "spec": "neural:gpt2-large",
      "ppl_word": 49.35642091668552,
      "best_lambda": 0.2,
      "test_wer_baseline": 0.08414239482200647,
      "test_wer_adapted": 0.0741522442662164,
      "delta_rel_pct": -11.87290969899666,
      "frac_headroom_captured": 0.2374581939799332,
      "dev_wer_by_lambda": {
        "0.0": 0.08240413380473212,
        "0.05": 0.0704378569485994,
        "0.1": 0.06880609192276312,
        "0.2": 0.06499864019581181,
        "0.3": 0.06608648354636933,
        "0.5": 0.0663584443840087,
        "0.7": 0.07098177862387817,
        "1.0": 0.07288550448735383
      }
    },
    {
      "label": "GPT-2-xl (1.5B)",
      "spec": "neural:gpt2-xl",
      "ppl_word": 46.780909762871886,
      "best_lambda": 0.2,
      "test_wer_baseline": 0.08414239482200647,
      "test_wer_adapted": 0.0744336569579288,
      "delta_rel_pct": -11.538461538461533,
      "frac_headroom_captured": 0.23076923076923067,
      "dev_wer_by_lambda": {
        "0.0": 0.08240413380473212,
        "0.05": 0.07234158281207506,
        "0.1": 0.06826217024748436,
        "0.2": 0.06472667935817242,
        "0.3": 0.06499864019581181,
        "0.5": 0.06608648354636933,
        "0.7": 0.06826217024748436,
        "1.0": 0.06935001359804188
      }
    },
    {
      "label": "GPT-2 fine-tuned (in-domain)",
      "spec": "neural:models/lm/ft_gpt2_l2arctic",
      "ppl_word": 54.29811689512212,
      "best_lambda": 0.3,
      "test_wer_baseline": 0.08414239482200647,
      "test_wer_adapted": 0.074574363303785,
      "delta_rel_pct": -11.371237458193978,
      "frac_headroom_captured": 0.22742474916387956,
      "dev_wer_by_lambda": {
        "0.0": 0.08240413380473212,
        "0.05": 0.07098177862387817,
        "0.1": 0.06880609192276312,
        "0.2": 0.06391079684525429,
        "0.3": 0.06200707098177862,
        "0.5": 0.06282295349469677,
        "0.7": 0.06445471852053304,
        "1.0": 0.06581452270872994
      }
    }
  ]
}