{
  "dataset": "l2arctic_24spk",
  "n_test": 792,
  "nbest_depth": 10,
  "test_wer_baseline_top1": 0.08414239482200647,
  "test_wer_oracle": 0.042071197411003236,
  "oracle_by_depth": {
    "1": 0.08414239482200647,
    "2": 0.07274518080765442,
    "3": 0.06247361756015196,
    "5": 0.05290558604193049,
    "10": 0.042071197411003236
  },
  "test_wer_gpt2_adapted": 0.07738849022090896,
  "headroom_abs": 0.042071197411003236,
  "headroom_rel_pct": 50.0,
  "gpt2_fraction_of_headroom_captured": 0.1605351170568562
}